[
  {
    "studentID": 12345,
    "studentGrades": [
      [
        ["COM5001", "COM5002", "COM5003", "COM5004", "COM5005", "COM5006", "COM5007", "COM5008", "COM5009", "COM5010"],
        ["20", "20", "20", "20", "20", "20", "20", "20", "20", "20"],
        ["50", "50", "50", "50", "50", "50", "50", "50", "50", "50"]
      ],
      [
        ["COM0601", "COM6002", "COM6003", "COM6004", "COM6005", "COM6006", "COM6007", "COM6008", "COM6009", "COM6010"],
        ["20", "20", "20", "20", "20", "20", "20", "20", "20", "20"],
        ["70", "70", "70", "70", "70", "70", "70", "70", "70", "70"]
      ]
    ],
    "moduleNum": 3,
    "isDirectEntry": false
  },
  {
    "studentID": 23456,
    "studentGrades": [
      [
        ["SOC5001", "SOC5002", "SOC5003", "SOC5004", "SOC5005", "SOC5006", "SOC5007", "SOC5008", "SOC5009", "SOC5010"],
        ["20", "20", "20", "20", "20", "20", "20", "20", "20", "20"],
        ["40", "40", "40", "40", "40", "40", "40", "40", "40", "40"]
      ],
      [
        ["SOC0601", "SOC6002", "SOC6003", "SOC6004", "SOC6005", "SOC6006", "SOC6007", "SOC6008", "SOC6009", "SOC6010"],
        ["20", "20", "20", "20", "20", "20", "20", "20", "20", "20"],
        ["65", "65", "65", "65", "65", "65", "65", "65", "65", "65"]
      ]
    ],
    "moduleNum": 6,
    "isDirectEntry": true
  },
  {
    "studentID": 1,
    "studentGrades": [
      [
        ["BMM5312", "BMM5402", "BMM5412", "BMM5552", "BMM5562", "BMM5582", "", "", "", ""],
        ["20", "20", "20", "20", "20", "20", "", "", "", ""],
        ["78", "75", "78", "75", "78", "68", "", "", "", ""]
      ],
      [
        ["BMM6402", "BMM6422", "BMM6452", "BMM6472", "BMM6502", "BMM6582", "", "", "", ""],
        ["20", "20", "20", "20", "20", "20", "", "", "", ""],
        ["68", "65", "62", "68", "65", "62", "", "", "", ""]
      ]
    ],
    "moduleNum": 6,
    "isDirectEntry": false
  },
  {
    "studentID": 2,
    "studentGrades": [
      [
        ["COM5003", "COM5013", "COM5023", "COM5033", "", "", "", "", "", ""],
        ["30", "30", "30", "30", "", "", "", "", "", ""],
        ["68", "65", "62", "68", "", "", "", "", "", ""]
      ],
      [
        ["COM6003", "COM6033", "COM6013", "COM6023", "", "", "", "", "", ""],
        ["30", "30", "30", "30", "", "", "", "", "", ""],
        ["78", "75", "68", "68", "", "", "", "", "", ""]
      ]
    ],
    "moduleNum": 4,
    "isDirectEntry": false
  },
  {
    "studentID": 3,
    "studentGrades": [
      [
        ["CYP5005", "CYP5015", "CYP5023", "CYP5053", "CYP5063", "", "", "", "", ""],
        ["15", "15", "30", "30", "30", "", "", "", "", ""],
        ["55", "52", "55", "52", "55", "", "", "", "", ""]
      ],
      [
        ["CYP6005","CYP6015", "CYP6033", "CYP6073", "CYP6083", "", "", "", "", ""],
        ["15", "15", "30", "30", "30", "", "", "", "", ""],
        ["55", "52", "68", "65", "62", "", "", "", "", ""]
      ]
    ],
    "moduleNum": 5,
    "isDirectEntry": false
  },
  {
    "studentID": 4,
    "studentGrades": [
      [
        ["", "", "", "", "", "", "", "", "", ""],
        ["", "", "", "", "", "", "", "", "", ""],
        ["", "", "", "", "", "", "", "", "", ""]
      ],
      [
        ["JOU6006","JOU6063", "JOU6093", "", "", "", "", "", "", ""],
        ["60", "30", "30", "", "", "", "", "", "", ""],
        ["58", "58", "68", "", "", "", "", "", "", ""]
      ]
    ],
    "moduleNum": 3,
    "isDirectEntry": true
  },
  {
    "studentID": 5,
    "studentGrades": [
      [
        ["", "", "", "", "", "", "", "", "", ""],
        ["", "", "", "", "", "", "", "", "", ""],
        ["", "", "", "", "", "", "", "", "", ""]
      ],
      [
        ["SHN6033","SHN6053", "SHN6073", "SHN6143", "", "", "", "", "", ""],
        ["30", "30", "30", "30", "", "", "", "", "", ""],
        ["68", "65", "62", "42", "", "", "", "", "", ""]
      ]
    ],
    "moduleNum": 4,
    "isDirectEntry": true
  }
]