{
  "StudentData": [
    {
      "studentID": 12345,
      "studentGrades": [
        [
          ["COM5001", "COM5002", "COM5003", "COM5004", "COM5005", "COM5006", "COM5007", "COM5008", "COM5009", "COM5010"],
          ["20", "20", "20", "20", "20", "20", "20", "20", "20", "20"],
          ["50", "50", "50", "50", "50", "50", "50", "50", "50", "50"]
        ],
        [
          ["COM0601", "COM6002", "COM6003", "COM6004", "COM6005", "COM6006", "COM6007", "COM6008", "COM6009", "COM6010"],
          ["20", "20", "20", "20", "20", "20", "20", "20", "20", "20"],
          ["70", "70", "70", "70", "70", "70", "70", "70", "70", "70"]
        ]
      ]
    },
    {
      "studentID": 23456,
      "studentGrades": [
        [
          ["COM5001", "COM5002", "COM5003", "COM5004", "COM5005", "COM5006", "COM5007", "COM5008", "COM5009", "COM5010"],
          ["20", "20", "20", "20", "20", "20", "20", "20", "20", "20"],
          ["40", "40", "40", "40", "40", "40", "40", "40", "40", "40"]
        ],
        [
          ["COM0601", "COM6002", "COM6003", "COM6004", "COM6005", "COM6006", "COM6007", "COM6008", "COM6009", "COM6010"],
          ["20", "20", "20", "20", "20", "20", "20", "20", "20", "20"],
          ["65", "65", "65", "65", "65", "65", "65", "65", "65", "65"]
        ]
      ]
    }
  ]
}